date,CO
2025-08-31,0.0278398431837558
2025-09-01,0.0258890017867088
2025-09-03,0.0177873019129037
2025-09-04,0.0238832887262105
2025-09-05,0.0326605774462223
2025-09-06,0.0302386339753866
2025-09-07,0.0297312457114458
2025-09-09,0.0295408349484205
2025-09-13,0.0297443177551031
2025-09-14,0.0237656310200691
2025-09-15,0.0254817567765712
2025-09-21,0.033059611916542
2025-09-23,0.0347240567207336
2025-09-24,0.0391105152666568
2025-09-25,0.0233789067715406
2025-09-26,0.0317937582731246
2025-09-27,0.0344358421862125
2025-09-28,0.0279875695705413
2025-10-02,0.0249367449432611
2025-10-03,0.0308653563261032
2025-10-04,0.0364517010748386
2025-10-05,0.0285366214811801
2025-10-06,0.0322658494114875
2025-10-07,0.0468272753059864
2025-10-09,0.038156934082508
2025-10-11,0.0316936075687408
2025-10-12,0.0326695032417774
2025-10-14,0.0297029539942741
2025-10-16,0.0281631872057914
2025-10-17,0.0320099666714668
2025-10-19,0.0279705375432968
2025-10-28,0.0220649670809507
2025-11-07,0.0313000716269016
2025-11-23,0.0285030379891395
2025-11-29,0.0248463712632656
2025-12-17,0.0301751196384429
2025-12-22,0.0255042854696512
2025-12-23,0.0343882739543914
2025-12-24,0.0281990673393011
2025-12-25,0.0312302727252244
2025-12-29,0.0329287312924861
2026-01-03,0.0276116523891687
2026-01-08,0.0272147804498672
2026-01-19,0.0300563517957925
2026-01-20,0.0287697948515415
2026-01-21,0.0209581032395362
2026-01-25,0.0271249487996101
2026-01-30,0.0311943925917148
2026-01-31,0.0294993165880441
2026-02-01,0.0311775207519531
2026-02-02,0.0310519952327013
2026-02-04,0.0262300036847591
2026-02-06,0.0304177887737751
2026-02-10,0.0248722527176141
2026-02-15,0.0342909805476665
2026-02-20,0.0291637014597654
2026-02-28,0.0273113213479518
2026-03-03,0.0293386559933424
2026-03-05,0.0269924867898225
2026-03-07,0.0276513639837503
2026-03-08,0.0303220376372337
2026-03-09,0.0297888908535242
2026-03-12,0.0249405112117528
2026-03-13,0.029029544442892
2026-03-14,0.0278453771024942
2026-03-16,0.0325840339064598
2026-03-18,0.0247687436640262
2026-03-23,0.0280317347496747
2026-03-25,0.0255301780998706
2026-03-26,0.0262635182589292
2026-03-27,0.0247886069118976
2026-03-29,0.0349102355539798
2026-04-01,0.0317422114312648
2026-04-06,0.0204873513430356
2026-04-07,0.028059946373105
2026-04-08,0.0271057002246379
2026-04-13,0.0262746512889862
2026-04-15,0.0234333388507366
2026-04-16,0.0252729672938585
2026-04-17,0.029737215489149
2026-04-18,0.0299052335321903
2026-04-19,0.0290509946644306
2026-04-20,0.0320186056196689
2026-04-23,0.028834881260991
2026-04-24,0.0288097653537988
2026-05-01,0.0251053366810083
2026-05-03,0.0280675068497657
2026-05-05,0.0276585612446069
2026-05-06,0.0261092260479927
2026-05-08,0.031992420554161
2026-05-11,0.0275955535471439
2026-05-12,0.025496706366539
2026-05-13,0.0288018472492694
2026-05-15,0.0210026185959577
2026-05-17,0.0198961831629276
2026-05-19,0.029678413644433
2026-05-23,0.0295314602553844
2026-05-24,0.036561019718647
2026-05-26,0.029316246509552
2026-05-27,0.0313239134848117
2026-05-28,0.0303060673177242
2026-05-29,0.0332297571003437
2026-05-30,0.0320410281419754
2026-05-31,0.0243836417794227
2026-06-01,0.0280084554105997
2026-06-02,0.0217096395790576
2026-06-03,0.0287252310663461
2026-06-04,0.0313734225928783
2026-06-05,0.0252936873584985
2026-06-07,0.0235965121537446
2026-06-08,0.0285279098898172
2026-06-09,0.0318514108657836
2026-06-11,0.0309633202850818
2026-06-13,0.027130464091897
2026-06-14,0.0242524240165948
2026-06-15,0.0282281823456287
2026-06-16,0.0232459083199501
2026-06-18,0.0202217157930135
2026-06-19,0.0274836886674165
2026-06-20,0.0333095528185367
2026-06-21,0.0283063929527997
2026-06-22,0.0252716578543186
2026-06-23,0.0254303254187107
2026-06-24,0.026539396494627
2026-06-25,0.0327242352068424
2026-06-28,0.0280307848006486
2026-06-29,0.0258179642260074
2026-06-30,0.0266476217657327
2026-07-01,0.0324083603918552
2026-07-02,0.0286351293325424
2026-07-03,0.0281423684209585
2026-07-04,0.0214361455291509
2026-07-05,0.0278173126280307
2026-07-06,0.030860336497426
2026-07-07,0.0272863488644361
2026-07-09,0.0268662255257368
2026-07-10,0.0312388446182012
2026-07-13,0.0297927837818861
2026-07-14,0.0287260040640831
2026-07-15,0.0259518176317214
2026-07-16,0.0278820060193538
2026-07-17,0.0279289335012435
2026-07-18,0.025504283607006
2026-07-19,0.0284539852291345
2026-07-20,0.0280241779983043
2026-07-21,0.0310321785509586
2026-07-22,0.0319015011191368
2026-07-23,0.034832514822483
2026-07-24,0.0327120944857597
2026-07-25,0.0248249601572752
2026-07-26,0.0293591320514678
2026-07-28,0.0322852469980716
2026-07-29,0.0271389074623584
2026-08-01,0.0298362020403146
2026-08-02,0.0252124331891536
2026-08-03,0.0280623864382505
2026-08-04,0.0265988539904356
2026-08-05,0.0199688579887151
2026-08-06,0.0293584745377302
2026-08-07,0.0313518047332763
2026-08-08,0.0283337067812681
2026-08-09,0.0268710311502218
2026-08-10,0.0374411307275295
2026-08-11,0.0293240193277597
2026-08-12,0.0336967073380947
2026-08-13,0.029595211148262
2026-08-14,0.0357844457030296
2026-08-15,0.0310612376779317
2026-08-16,0.0267263390123844
2026-08-17,0.0313945338129997
2026-08-18,0.0260432045906782
2026-08-20,0.0295644253492355
2026-08-22,0.0306819695979356
2026-08-23,0.0385898388922214
2026-08-25,0.0301126018166542
2026-08-27,0.033731535077095
2026-08-28,0.0414118096232414
2026-08-29,0.037231758236885
