polutan,fitur,domain,nilai
NO2,dfa,fractal,1.1054594192460196
NO2,higuchi_fractal_dimension,fractal,1.760953508495092
NO2,hurst_exponent,fractal,0.8930963304275209
NO2,maximum_fractal_length,fractal,-2.7037175639291
NO2,mse,fractal,1.2209268166361593
NO2,petrosian_fractal_dimension,fractal,1.014929871984861
NO2,fundamental_frequency,spectral,0.00273224043715847
NO2,human_range_energy,spectral,0.0
NO2,lpcc,spectral,0.7176821297383723
NO2,max_frequency,spectral,0.4180327868852459
NO2,max_power_spectrum,spectral,46.12219099889016
NO2,median_frequency,spectral,0.04918032786885246
NO2,mfcc,spectral,9.857791713544538
NO2,power_bandwidth,spectral,0.20491803278688525
NO2,spectral_centroid,spectral,0.10911161303646173
NO2,spectral_decrease,spectral,-2.322231171469177
NO2,spectral_distance,spectral,-1.7807966297524964
NO2,spectral_entropy,spectral,0.7468579853152687
NO2,spectral_kurtosis,spectral,3.441396614216699
NO2,spectral_positive_turning,spectral,58.0
NO2,spectral_roll_off,spectral,0.4180327868852459
NO2,spectral_roll_on,spectral,0.0
NO2,spectral_skewness,spectral,1.2599693051902945
NO2,spectral_slope,spectral,-0.03635615719999178
NO2,spectral_spread,spectral,0.13653148229123654
NO2,spectral_variation,spectral,0.5784486890013969
NO2,spectrogram_mean_coeff,spectral,1.5970401641858913e-10
NO2,wavelet_abs_mean,spectral,1.245531049557086e-06
NO2,wavelet_energy,spectral,1.7291300286981842e-05
NO2,wavelet_entropy,spectral,2.1031482050110077
NO2,wavelet_std,spectral,1.7239627922375387e-05
NO2,wavelet_var,spectral,3.357186081627212e-10
NO2,abs_energy,statistical,3.1153029424347104e-07
NO2,average_power,statistical,8.535076554615645e-10
NO2,calc_max,statistical,5.502832573256456e-05
NO2,calc_mean,statistical,2.7417823733297856e-05
NO2,calc_median,statistical,2.6607980241048306e-05
NO2,calc_min,statistical,3.7077027172927046e-06
NO2,calc_std,statistical,9.971890947142217e-06
NO2,calc_var,statistical,9.943860906169691e-11
NO2,ecdf,statistical,0.015027322404371584
NO2,ecdf_percentile,statistical,2.7339038001267155e-05
NO2,ecdf_percentile_count,statistical,182.5
NO2,ecdf_slope,statistical,34946.039725148716
NO2,entropy,statistical,0.9948664410647731
NO2,hist_mode,statistical,2.1669920772637856e-05
NO2,interq_range,statistical,1.270760686739301e-05
NO2,kurtosis,statistical,-0.0874231081808019
NO2,mean_abs_deviation,statistical,7.997401015954269e-06
NO2,median_abs_deviation,statistical,6.382774093556996e-06
NO2,pk_pk_distance,statistical,5.1320623015271856e-05
NO2,rms,statistical,2.91749150355556e-05
NO2,skewness,statistical,0.32699109423078526
NO2,auc,temporal,0.010021197456467235
NO2,autocorr,temporal,5.0
NO2,calc_centroid,temporal,198.05233188958732
NO2,distance,temporal,365.00000000771587
NO2,lempel_ziv,temporal,0.16666666666666666
NO2,mean_abs_diff,temporal,3.6990014251225073e-06
NO2,mean_diff,temporal,2.7059418430762336e-08
NO2,median_abs_diff,temporal,1.666416260882721e-06
NO2,median_diff,temporal,-2.6757110886551055e-07
NO2,negative_turning,temporal,40.0
NO2,neighbourhood_peaks,temporal,12.0
NO2,positive_turning,temporal,41.0
NO2,slope,temporal,2.07442833874272e-08
NO2,sum_abs_diff,temporal,0.0013501355201697152
NO2,zero_cross,temporal,0.0
