date,SO2
2025-08-31,9.312334441347048e-05
2025-09-03,0.0001818722375901416
2025-09-05,-9.391707862960176e-05
2025-09-06,-0.00013448475510813296
2025-09-07,0.00013751231017522514
2025-09-08,4.7022633225424215e-05
2025-09-12,0.0010109603172168
2025-09-13,-0.00013303100422490388
2025-09-14,0.0002718058822210878
2025-09-15,0.0001054890381055884
2025-09-16,0.0010956673650071
2025-09-22,-0.00021403325081337243
2025-09-23,0.0007878288743086159
2025-09-24,-6.81942910887301e-05
2025-09-26,-0.0001504019892308861
2025-09-28,3.075113636441529e-05
2025-10-02,0.0002968376502394676
2025-10-03,0.000342507817549631
2025-10-04,-1.1835158147732727e-05
2025-10-07,4.1730159864528105e-05
2025-10-08,0.0003275645722169429
2025-10-09,-8.410630107391626e-05
2025-10-10,0.00019873147539328784
2025-10-14,0.0004900540807284415
2025-10-19,-0.0002162192395189777
2025-10-26,6.969855894567445e-05
2025-10-28,-0.0002788773854263127
2025-11-04,3.899281728081405e-05
2025-11-07,0.000381205405574292
2025-11-18,1.924135540321004e-05
2025-11-19,-6.639233470195904e-05
2025-11-21,-2.0936930013704117e-05
2025-12-03,0.0001043349111569114
2025-12-05,-0.0001130484524765052
2025-12-06,-8.488409366691485e-05
2025-12-07,0.0002331168216187507
2025-12-10,4.0155275200959295e-05
2025-12-11,0.00025596641353331506
2025-12-12,-0.00026042567333206534
2025-12-13,-0.000277818413451314
2025-12-15,0.0003119214379694313
2025-12-17,-4.987593911209842e-06
2025-12-21,-0.0002460390387568623
2025-12-22,0.0001242645812453702
2025-12-23,0.0005176099366508424
2025-12-24,5.2795065130339935e-05
2025-12-25,0.00014970730990171432
2025-12-26,0.00023508895537815988
2025-12-28,0.000596789235714823
2025-12-29,0.0003358004614710808
2026-01-04,3.8583191781071946e-05
2026-01-07,-3.1155468604993075e-05
2026-01-14,0.00010501758515601978
2026-01-19,0.00010064920206787065
2026-01-24,0.0001461184729123488
2026-01-25,5.240882819634862e-05
2026-01-29,-6.126415973994881e-05
2026-01-30,0.0001430113334208727
2026-01-31,0.0002527183096390217
2026-02-01,9.678422429715283e-06
2026-02-02,5.844220504513942e-05
2026-02-03,0.0001946349802892655
2026-02-04,0.00022757098486181349
2026-02-06,0.0001517125201644376
2026-02-08,0.0001075455147656612
2026-02-12,7.568756700493395e-05
2026-02-15,1.961883390322328e-05
2026-02-16,3.4416065318509936e-05
2026-02-27,0.0003108432865701616
2026-02-28,0.00015710944717284292
2026-03-01,3.494869088171981e-05
2026-03-04,-0.0004091561131644994
2026-03-06,-0.0006105850916355848
2026-03-08,-0.00026867236010730267
2026-03-09,-7.722363079665229e-05
2026-03-10,-0.00021007179748266933
2026-03-11,-0.00042687301174737513
2026-03-12,5.810503716929816e-05
2026-03-13,-0.0002056061057373881
2026-03-14,-3.043397919100244e-05
2026-03-15,0.00023546561715193093
2026-03-16,0.00013755525287706405
2026-03-17,3.663490133476444e-05
2026-03-18,0.0002750604471657425
2026-03-23,0.0003143851354252547
2026-03-24,-6.734095950378105e-05
2026-03-25,-7.079917850205675e-05
2026-03-27,-0.0008051017648540437
2026-03-29,0.0005728962714783847
2026-04-06,0.0004088175483047962
2026-04-07,0.00023107632296159863
2026-04-08,-0.00012843695003539324
2026-04-11,0.00013694551307708025
2026-04-15,-9.514516568742692e-05
2026-04-17,0.0005083612049929798
2026-04-18,-9.036501433001833e-05
2026-04-19,-1.8133840057998896e-05
2026-04-20,-9.465195034863429e-05
2026-04-23,-0.0015630389098078
2026-05-01,0.0005571783403865993
2026-05-04,0.00023558401153422887
2026-05-06,0.00021308750729076564
2026-05-08,-4.897429244010709e-05
2026-05-13,-0.0001932187151396647
2026-05-15,0.00014395051402971148
2026-05-17,0.0004688434419222176
2026-05-18,-0.0001951903832377866
2026-05-19,0.0001559064694447443
2026-05-20,-3.7374171370174736e-05
2026-05-25,0.00030335187329910696
2026-05-26,-3.347348319948651e-05
2026-05-27,-0.00013038919132668525
2026-05-30,0.0004312824457883835
2026-05-31,9.659007628215476e-05
2026-06-01,-0.0001268853957299143
2026-06-02,-0.0001909586280817166
2026-06-03,0.00010777996067190544
2026-06-04,-0.0002605470654089004
2026-06-05,-0.00025985034881159663
2026-06-06,0.0002855765342246741
2026-06-07,7.72664716350846e-05
2026-06-08,-5.025179780204781e-05
2026-06-09,-2.3973469069460407e-05
2026-06-10,3.856832699966617e-05
2026-06-11,0.00016433846030849963
2026-06-15,-0.0002199631853727624
2026-06-16,-0.0003594225854612887
2026-06-18,3.111014393653022e-06
2026-06-19,0.0004221239651087672
2026-06-26,0.00018618768081068995
2026-06-28,-0.00040477351285517216
2026-06-29,0.000138591873110272
2026-06-30,0.0002319041814189404
2026-07-01,0.0009441912407055496
2026-07-02,0.00014155164535623044
2026-07-03,7.053212902974337e-05
2026-07-07,5.543198494706303e-05
2026-07-08,-0.0002103490405716002
2026-07-09,-6.801421113777906e-05
2026-07-10,-7.227672904264182e-05
2026-07-11,-0.00021378326346166432
2026-07-12,0.00018589201499708
2026-07-17,0.0002196488931076601
2026-07-18,-2.2340485884342343e-05
2026-07-19,0.0004955289186909795
2026-07-20,0.00015924163744784892
2026-07-21,-6.501311872852966e-05
2026-07-22,0.0001230143243446946
2026-07-23,-0.0001086995835066773
2026-07-24,-0.000238276639720425
2026-07-25,-1.956625419552438e-05
2026-07-29,0.00014320944319479167
2026-08-02,0.0001752708776621148
2026-08-08,-0.00025070924311876297
2026-08-09,0.0001969581062439829
2026-08-10,7.316809842450311e-06
2026-08-11,0.0001865607191575691
2026-08-12,0.00033240372431464493
2026-08-13,-1.5758767403895035e-05
2026-08-14,-4.644662840291858e-05
2026-08-17,-7.382778858300298e-05
2026-08-18,9.694653999758884e-05
2026-08-22,-9.385481826029718e-05
2026-08-23,-0.0007454651058651507
2026-08-24,0.0003585739468690008
2026-08-25,6.320587999653071e-05
2026-08-27,-7.799187733326107e-05
2026-08-28,0.0001700752618489787
